{
  "n_input_records": 1600869,
  "n_unique_stems": 1600869,
  "p05_p95": {
    "slope": [
      0.966645657482478,
      34.374068694657474
    ],
    "resid": [
      0.9648362862957212,
      11.818879420000979
    ],
    "unc": [
      0.42512800061542366,
      1.0
    ],
    "relief": [
      2.4991879889147923,
      266.01653317655354
    ]
  }
}