{
  "n_input_records": 404042,
  "n_unique_stems": 404042,
  "p05_p95": {
    "slope": [
      1.4033776027284866,
      30.62862880394114
    ],
    "resid": [
      1.2962589191414986,
      12.56282223311289
    ],
    "unc": [
      0.39378636884448215,
      0.9999628214885773
    ],
    "relief": [
      3.3424981293552074,
      230.14893143405035
    ]
  }
}