{
  "n_input_records": 311716,
  "n_unique_stems": 311716,
  "p05_p95": {
    "slope": [
      0.27283036885220335,
      34.38600964295237
    ],
    "resid": [
      0.6137530016422832,
      14.625039945329938
    ],
    "unc": [
      0.2549464328196273,
      1.0
    ],
    "relief": [
      0.7107767437460915,
      239.96771784705354
    ]
  }
}